Group,Conversion Rate
PSA (Control),0.01785410644448223
Ad (Test),0.025546559636683747
